RaceID,Date,Round,CircuitID,RaceName
1,3/29/09,1,1,Australian Grand Prix
2,4/5/09,2,2,Malaysian Grand Prix
3,4/19/09,3,17,Chinese Grand Prix
4,4/26/09,4,3,Bahrain Grand Prix
5,5/10/09,5,4,Spanish Grand Prix
6,5/24/09,6,6,Monaco Grand Prix
7,6/7/09,7,5,Turkish Grand Prix
8,6/21/09,8,9,British Grand Prix
9,7/12/09,9,20,German Grand Prix
10,7/26/09,10,11,Hungarian Grand Prix
11,8/23/09,11,12,European Grand Prix
12,8/30/09,12,13,Belgian Grand Prix
13,9/13/09,13,14,Italian Grand Prix
14,9/27/09,14,15,Singapore Grand Prix
15,10/4/09,15,22,Japanese Grand Prix
16,10/18/09,16,18,Brazilian Grand Prix
17,11/1/09,17,24,Abu Dhabi Grand Prix
18,3/16/08,1,1,Australian Grand Prix
19,3/23/08,2,2,Malaysian Grand Prix
20,4/6/08,3,3,Bahrain Grand Prix
21,4/27/08,4,4,Spanish Grand Prix
22,5/11/08,5,5,Turkish Grand Prix
23,5/25/08,6,6,Monaco Grand Prix
24,6/8/08,7,7,Canadian Grand Prix
25,6/22/08,8,8,French Grand Prix
26,7/6/08,9,9,British Grand Prix
27,7/20/08,10,10,German Grand Prix
28,8/3/08,11,11,Hungarian Grand Prix
29,8/24/08,12,12,European Grand Prix
30,9/7/08,13,13,Belgian Grand Prix
31,9/14/08,14,14,Italian Grand Prix
32,9/28/08,15,15,Singapore Grand Prix
33,10/12/08,16,16,Japanese Grand Prix
34,10/19/08,17,17,Chinese Grand Prix
35,11/2/08,18,18,Brazilian Grand Prix
36,3/18/07,1,1,Australian Grand Prix
37,4/8/07,2,2,Malaysian Grand Prix
38,4/15/07,3,3,Bahrain Grand Prix
39,5/13/07,4,4,Spanish Grand Prix
40,5/27/07,5,6,Monaco Grand Prix
41,6/10/07,6,7,Canadian Grand Prix
42,6/17/07,7,19,United States Grand Prix
43,7/1/07,8,8,French Grand Prix
44,7/8/07,9,9,British Grand Prix
45,7/22/07,10,20,European Grand Prix
46,8/5/07,11,11,Hungarian Grand Prix
47,8/26/07,12,5,Turkish Grand Prix
48,9/9/07,13,14,Italian Grand Prix
49,9/16/07,14,13,Belgian Grand Prix
50,9/30/07,15,16,Japanese Grand Prix
51,10/7/07,16,17,Chinese Grand Prix
52,10/21/07,17,18,Brazilian Grand Prix
53,3/12/06,1,3,Bahrain Grand Prix
54,3/19/06,2,2,Malaysian Grand Prix
55,4/2/06,3,1,Australian Grand Prix
56,4/23/06,4,21,San Marino Grand Prix
57,5/7/06,5,20,European Grand Prix
58,5/14/06,6,4,Spanish Grand Prix
59,5/28/06,7,6,Monaco Grand Prix
60,6/11/06,8,9,British Grand Prix
61,6/25/06,9,7,Canadian Grand Prix
62,7/2/06,10,19,United States Grand Prix
63,7/16/06,11,8,French Grand Prix
64,7/30/06,12,10,German Grand Prix
65,8/6/06,13,11,Hungarian Grand Prix
66,8/27/06,14,5,Turkish Grand Prix
67,9/10/06,15,14,Italian Grand Prix
68,10/1/06,16,17,Chinese Grand Prix
69,10/8/06,17,22,Japanese Grand Prix
70,10/22/06,18,18,Brazilian Grand Prix
71,3/6/05,1,1,Australian Grand Prix
72,3/20/05,2,2,Malaysian Grand Prix
73,4/3/05,3,3,Bahrain Grand Prix
74,4/24/05,4,21,San Marino Grand Prix
75,5/8/05,5,4,Spanish Grand Prix
76,5/22/05,6,6,Monaco Grand Prix
77,5/29/05,7,20,European Grand Prix
78,6/12/05,8,7,Canadian Grand Prix
79,6/19/05,9,19,United States Grand Prix
80,7/3/05,10,8,French Grand Prix
81,7/10/05,11,9,British Grand Prix
82,7/24/05,12,10,German Grand Prix
83,7/31/05,13,11,Hungarian Grand Prix
84,8/21/05,14,5,Turkish Grand Prix
85,9/4/05,15,14,Italian Grand Prix
86,9/11/05,16,13,Belgian Grand Prix
87,9/25/05,17,18,Brazilian Grand Prix
88,10/9/05,18,22,Japanese Grand Prix
89,10/16/05,19,17,Chinese Grand Prix
90,3/7/04,1,1,Australian Grand Prix
91,3/21/04,2,2,Malaysian Grand Prix
92,4/4/04,3,3,Bahrain Grand Prix
93,4/25/04,4,21,San Marino Grand Prix
94,5/9/04,5,4,Spanish Grand Prix
95,5/23/04,6,6,Monaco Grand Prix
96,5/30/04,7,20,European Grand Prix
97,6/13/04,8,7,Canadian Grand Prix
98,6/20/04,9,19,United States Grand Prix
99,7/4/04,10,8,French Grand Prix
100,7/11/04,11,9,British Grand Prix
101,7/25/04,12,10,German Grand Prix
102,8/15/04,13,11,Hungarian Grand Prix
103,8/29/04,14,13,Belgian Grand Prix
104,9/12/04,15,14,Italian Grand Prix
105,9/26/04,16,17,Chinese Grand Prix
106,10/10/04,17,22,Japanese Grand Prix
107,10/24/04,18,18,Brazilian Grand Prix
108,3/9/03,1,1,Australian Grand Prix
109,3/23/03,2,2,Malaysian Grand Prix
110,4/6/03,3,18,Brazilian Grand Prix
111,4/20/03,4,21,San Marino Grand Prix
112,5/4/03,5,4,Spanish Grand Prix
113,5/18/03,6,70,Austrian Grand Prix
114,6/1/03,7,6,Monaco Grand Prix
115,6/15/03,8,7,Canadian Grand Prix
116,6/29/03,9,20,European Grand Prix
117,7/6/03,10,8,French Grand Prix
118,7/20/03,11,9,British Grand Prix
119,8/3/03,12,10,German Grand Prix
120,8/24/03,13,11,Hungarian Grand Prix
121,9/14/03,14,14,Italian Grand Prix
122,9/28/03,15,19,United States Grand Prix
123,10/12/03,16,22,Japanese Grand Prix
124,3/3/02,1,1,Australian Grand Prix
125,3/17/02,2,2,Malaysian Grand Prix
126,3/31/02,3,18,Brazilian Grand Prix
127,4/14/02,4,21,San Marino Grand Prix
128,4/28/02,5,4,Spanish Grand Prix
129,5/12/02,6,70,Austrian Grand Prix
130,5/26/02,7,6,Monaco Grand Prix
131,6/9/02,8,7,Canadian Grand Prix
132,6/23/02,9,20,European Grand Prix
133,7/7/02,10,9,British Grand Prix
134,7/21/02,11,8,French Grand Prix
135,7/28/02,12,10,German Grand Prix
136,8/18/02,13,11,Hungarian Grand Prix
137,9/1/02,14,13,Belgian Grand Prix
138,9/15/02,15,14,Italian Grand Prix
139,9/29/02,16,19,United States Grand Prix
140,10/13/02,17,22,Japanese Grand Prix
141,3/4/01,1,1,Australian Grand Prix
142,3/18/01,2,2,Malaysian Grand Prix
143,4/1/01,3,18,Brazilian Grand Prix
144,4/15/01,4,21,San Marino Grand Prix
145,4/29/01,5,4,Spanish Grand Prix
146,5/13/01,6,70,Austrian Grand Prix
147,5/27/01,7,6,Monaco Grand Prix
148,6/10/01,8,7,Canadian Grand Prix
149,6/24/01,9,20,European Grand Prix
150,7/1/01,10,8,French Grand Prix
151,7/15/01,11,9,British Grand Prix
152,7/29/01,12,10,German Grand Prix
153,8/19/01,13,11,Hungarian Grand Prix
154,9/2/01,14,13,Belgian Grand Prix
155,9/16/01,15,14,Italian Grand Prix
156,9/30/01,16,19,United States Grand Prix
157,10/14/01,17,22,Japanese Grand Prix
158,3/12/00,1,1,Australian Grand Prix
159,3/26/00,2,18,Brazilian Grand Prix
160,4/9/00,3,21,San Marino Grand Prix
161,4/23/00,4,9,British Grand Prix
162,5/7/00,5,4,Spanish Grand Prix
163,5/21/00,6,20,European Grand Prix
164,6/4/00,7,6,Monaco Grand Prix
165,6/18/00,8,7,Canadian Grand Prix
166,7/2/00,9,8,French Grand Prix
167,7/16/00,10,70,Austrian Grand Prix
168,7/30/00,11,10,German Grand Prix
169,8/13/00,12,11,Hungarian Grand Prix
170,8/27/00,13,13,Belgian Grand Prix
171,9/10/00,14,14,Italian Grand Prix
172,9/24/00,15,19,United States Grand Prix
173,10/8/00,16,22,Japanese Grand Prix
174,10/22/00,17,2,Malaysian Grand Prix
175,3/7/99,1,1,Australian Grand Prix
176,4/11/99,2,18,Brazilian Grand Prix
177,5/2/99,3,21,San Marino Grand Prix
178,5/16/99,4,6,Monaco Grand Prix
179,5/30/99,5,4,Spanish Grand Prix
180,6/13/99,6,7,Canadian Grand Prix
181,6/27/99,7,8,French Grand Prix
182,7/11/99,8,9,British Grand Prix
183,7/25/99,9,70,Austrian Grand Prix
184,8/1/99,10,10,German Grand Prix
185,8/15/99,11,11,Hungarian Grand Prix
186,8/29/99,12,13,Belgian Grand Prix
187,9/12/99,13,14,Italian Grand Prix
188,9/26/99,14,20,European Grand Prix
189,10/17/99,15,2,Malaysian Grand Prix
190,10/31/99,16,22,Japanese Grand Prix
191,3/8/98,1,1,Australian Grand Prix
192,3/29/98,2,18,Brazilian Grand Prix
193,4/12/98,3,25,Argentine Grand Prix
194,4/26/98,4,21,San Marino Grand Prix
195,5/10/98,5,4,Spanish Grand Prix
196,5/24/98,6,6,Monaco Grand Prix
197,6/7/98,7,7,Canadian Grand Prix
198,6/28/98,8,8,French Grand Prix
199,7/12/98,9,9,British Grand Prix
200,7/26/98,10,70,Austrian Grand Prix
201,8/2/98,11,10,German Grand Prix
202,8/16/98,12,11,Hungarian Grand Prix
203,8/30/98,13,13,Belgian Grand Prix
204,9/13/98,14,14,Italian Grand Prix
205,9/27/98,15,20,Luxembourg Grand Prix
206,11/1/98,16,22,Japanese Grand Prix
207,3/9/97,1,1,Australian Grand Prix
208,3/30/97,2,18,Brazilian Grand Prix
209,4/13/97,3,25,Argentine Grand Prix
210,4/27/97,4,21,San Marino Grand Prix
211,5/11/97,5,6,Monaco Grand Prix
212,5/25/97,6,4,Spanish Grand Prix
213,6/15/97,7,7,Canadian Grand Prix
214,6/29/97,8,8,French Grand Prix
215,7/13/97,9,9,British Grand Prix
216,7/27/97,10,10,German Grand Prix
217,8/10/97,11,11,Hungarian Grand Prix
218,8/24/97,12,13,Belgian Grand Prix
219,9/7/97,13,14,Italian Grand Prix
220,9/21/97,14,70,Austrian Grand Prix
221,9/28/97,15,20,Luxembourg Grand Prix
222,10/12/97,16,22,Japanese Grand Prix
223,10/26/97,17,26,European Grand Prix
224,3/10/96,1,1,Australian Grand Prix
225,3/31/96,2,18,Brazilian Grand Prix
226,4/7/96,3,25,Argentine Grand Prix
227,4/28/96,4,20,European Grand Prix
228,5/5/96,5,21,San Marino Grand Prix
229,5/19/96,6,6,Monaco Grand Prix
230,6/2/96,7,4,Spanish Grand Prix
231,6/16/96,8,7,Canadian Grand Prix
232,6/30/96,9,8,French Grand Prix
233,7/14/96,10,9,British Grand Prix
234,7/28/96,11,10,German Grand Prix
235,8/11/96,12,11,Hungarian Grand Prix
236,8/25/96,13,13,Belgian Grand Prix
237,9/8/96,14,14,Italian Grand Prix
238,9/22/96,15,27,Portuguese Grand Prix
239,10/13/96,16,22,Japanese Grand Prix
240,3/26/95,1,18,Brazilian Grand Prix
241,4/9/95,2,25,Argentine Grand Prix
242,4/30/95,3,21,San Marino Grand Prix
243,5/14/95,4,4,Spanish Grand Prix
244,5/28/95,5,6,Monaco Grand Prix
245,6/11/95,6,7,Canadian Grand Prix
246,7/2/95,7,8,French Grand Prix
247,7/16/95,8,9,British Grand Prix
248,7/30/95,9,10,German Grand Prix
249,8/13/95,10,11,Hungarian Grand Prix
250,8/27/95,11,13,Belgian Grand Prix
251,9/10/95,12,14,Italian Grand Prix
252,9/24/95,13,27,Portuguese Grand Prix
253,10/1/95,14,20,European Grand Prix
254,10/22/95,15,28,Pacific Grand Prix
255,10/29/95,16,22,Japanese Grand Prix
256,11/12/95,17,29,Australian Grand Prix
257,3/27/94,1,18,Brazilian Grand Prix
258,4/17/94,2,28,Pacific Grand Prix
259,5/1/94,3,21,San Marino Grand Prix
260,5/15/94,4,6,Monaco Grand Prix
261,5/29/94,5,4,Spanish Grand Prix
262,6/12/94,6,7,Canadian Grand Prix
263,7/3/94,7,8,French Grand Prix
264,7/10/94,8,9,British Grand Prix
265,7/31/94,9,10,German Grand Prix
266,8/14/94,10,11,Hungarian Grand Prix
267,8/28/94,11,13,Belgian Grand Prix
268,9/11/94,12,14,Italian Grand Prix
269,9/25/94,13,27,Portuguese Grand Prix
270,10/16/94,14,26,European Grand Prix
271,11/6/94,15,22,Japanese Grand Prix
272,11/13/94,16,29,Australian Grand Prix
273,3/14/93,1,30,South African Grand Prix
274,3/28/93,2,18,Brazilian Grand Prix
275,4/11/93,3,31,European Grand Prix
276,4/25/93,4,21,San Marino Grand Prix
277,5/9/93,5,4,Spanish Grand Prix
278,5/23/93,6,6,Monaco Grand Prix
279,6/13/93,7,7,Canadian Grand Prix
280,7/4/93,8,8,French Grand Prix
281,7/11/93,9,9,British Grand Prix
282,7/25/93,10,10,German Grand Prix
283,8/15/93,11,11,Hungarian Grand Prix
284,8/29/93,12,13,Belgian Grand Prix
285,9/12/93,13,14,Italian Grand Prix
286,9/26/93,14,27,Portuguese Grand Prix
287,10/24/93,15,22,Japanese Grand Prix
288,11/7/93,16,29,Australian Grand Prix
289,3/1/92,1,30,South African Grand Prix
290,3/22/92,2,32,Mexican Grand Prix
291,4/5/92,3,18,Brazilian Grand Prix
292,5/3/92,4,4,Spanish Grand Prix
293,5/17/92,5,21,San Marino Grand Prix
294,5/31/92,6,6,Monaco Grand Prix
295,6/14/92,7,7,Canadian Grand Prix
296,7/5/92,8,8,French Grand Prix
297,7/12/92,9,9,British Grand Prix
298,7/26/92,10,10,German Grand Prix
299,8/16/92,11,11,Hungarian Grand Prix
300,8/30/92,12,13,Belgian Grand Prix
301,9/13/92,13,14,Italian Grand Prix
302,9/27/92,14,27,Portuguese Grand Prix
303,10/25/92,15,22,Japanese Grand Prix
304,11/8/92,16,29,Australian Grand Prix
305,3/10/91,1,33,United States Grand Prix
306,3/24/91,2,18,Brazilian Grand Prix
307,4/28/91,3,21,San Marino Grand Prix
308,5/12/91,4,6,Monaco Grand Prix
309,6/2/91,5,7,Canadian Grand Prix
310,6/16/91,6,32,Mexican Grand Prix
311,7/7/91,7,8,French Grand Prix
312,7/14/91,8,9,British Grand Prix
313,7/28/91,9,10,German Grand Prix
314,8/11/91,10,11,Hungarian Grand Prix
315,8/25/91,11,13,Belgian Grand Prix
316,9/8/91,12,14,Italian Grand Prix
317,9/22/91,13,27,Portuguese Grand Prix
318,9/29/91,14,4,Spanish Grand Prix
319,10/20/91,15,22,Japanese Grand Prix
320,11/3/91,16,29,Australian Grand Prix
321,3/11/90,1,33,United States Grand Prix
322,3/25/90,2,18,Brazilian Grand Prix
323,5/13/90,3,21,San Marino Grand Prix
324,5/27/90,4,6,Monaco Grand Prix
325,6/10/90,5,7,Canadian Grand Prix
326,6/24/90,6,32,Mexican Grand Prix
327,7/8/90,7,34,French Grand Prix
328,7/15/90,8,9,British Grand Prix
329,7/29/90,9,10,German Grand Prix
330,8/12/90,10,11,Hungarian Grand Prix
331,8/26/90,11,13,Belgian Grand Prix
332,9/9/90,12,14,Italian Grand Prix
333,9/23/90,13,27,Portuguese Grand Prix
334,9/30/90,14,26,Spanish Grand Prix
335,10/21/90,15,22,Japanese Grand Prix
336,11/4/90,16,29,Australian Grand Prix
337,3/14/10,1,3,Bahrain Grand Prix
338,3/28/10,2,1,Australian Grand Prix
339,4/4/10,3,2,Malaysian Grand Prix
340,4/18/10,4,17,Chinese Grand Prix
341,5/9/10,5,4,Spanish Grand Prix
342,5/16/10,6,6,Monaco Grand Prix
343,5/30/10,7,5,Turkish Grand Prix
344,6/13/10,8,7,Canadian Grand Prix
345,6/27/10,9,12,European Grand Prix
346,7/11/10,10,9,British Grand Prix
347,7/25/10,11,10,German Grand Prix
348,8/1/10,12,11,Hungarian Grand Prix
349,8/29/10,13,13,Belgian Grand Prix
350,9/12/10,14,14,Italian Grand Prix
351,9/26/10,15,15,Singapore Grand Prix
352,10/10/10,16,22,Japanese Grand Prix
353,10/24/10,17,35,Korean Grand Prix
354,11/7/10,18,18,Brazilian Grand Prix
355,11/14/10,19,24,Abu Dhabi Grand Prix
356,3/26/89,1,36,Brazilian Grand Prix
357,4/23/89,2,21,San Marino Grand Prix
358,5/7/89,3,6,Monaco Grand Prix
359,5/28/89,4,32,Mexican Grand Prix
360,6/4/89,5,33,United States Grand Prix
361,6/18/89,6,7,Canadian Grand Prix
362,7/9/89,7,34,French Grand Prix
363,7/16/89,8,9,British Grand Prix
364,7/30/89,9,10,German Grand Prix
365,8/13/89,10,11,Hungarian Grand Prix
366,8/27/89,11,13,Belgian Grand Prix
367,9/10/89,12,14,Italian Grand Prix
368,9/24/89,13,27,Portuguese Grand Prix
369,10/1/89,14,26,Spanish Grand Prix
370,10/22/89,15,22,Japanese Grand Prix
371,11/5/89,16,29,Australian Grand Prix
372,4/3/88,1,36,Brazilian Grand Prix
373,5/1/88,2,21,San Marino Grand Prix
374,5/15/88,3,6,Monaco Grand Prix
375,5/29/88,4,32,Mexican Grand Prix
376,6/12/88,5,7,Canadian Grand Prix
377,6/19/88,6,37,Detroit Grand Prix
378,7/3/88,7,34,French Grand Prix
379,7/10/88,8,9,British Grand Prix
380,7/24/88,9,10,German Grand Prix
381,8/7/88,10,11,Hungarian Grand Prix
382,8/28/88,11,13,Belgian Grand Prix
383,9/11/88,12,14,Italian Grand Prix
384,9/25/88,13,27,Portuguese Grand Prix
385,10/2/88,14,26,Spanish Grand Prix
386,10/30/88,15,22,Japanese Grand Prix
387,11/13/88,16,29,Australian Grand Prix
388,4/12/87,1,36,Brazilian Grand Prix
389,5/3/87,2,21,San Marino Grand Prix
390,5/17/87,3,13,Belgian Grand Prix
391,5/31/87,4,6,Monaco Grand Prix
392,6/21/87,5,37,Detroit Grand Prix
393,7/5/87,6,34,French Grand Prix
394,7/12/87,7,9,British Grand Prix
395,7/26/87,8,10,German Grand Prix
396,8/9/87,9,11,Hungarian Grand Prix
397,8/16/87,10,70,Austrian Grand Prix
398,9/6/87,11,14,Italian Grand Prix
399,9/20/87,12,27,Portuguese Grand Prix
400,9/27/87,13,26,Spanish Grand Prix
401,10/18/87,14,32,Mexican Grand Prix
402,11/1/87,15,22,Japanese Grand Prix
403,11/15/87,16,29,Australian Grand Prix
404,3/23/86,1,36,Brazilian Grand Prix
405,4/13/86,2,26,Spanish Grand Prix
406,4/27/86,3,21,San Marino Grand Prix
407,5/11/86,4,6,Monaco Grand Prix
408,5/25/86,5,13,Belgian Grand Prix
409,6/15/86,6,7,Canadian Grand Prix
410,6/22/86,7,37,Detroit Grand Prix
411,7/6/86,8,34,French Grand Prix
412,7/13/86,9,38,British Grand Prix
413,7/27/86,10,10,German Grand Prix
414,8/10/86,11,11,Hungarian Grand Prix
415,8/17/86,12,70,Austrian Grand Prix
416,9/7/86,13,14,Italian Grand Prix
417,9/21/86,14,27,Portuguese Grand Prix
418,10/12/86,15,32,Mexican Grand Prix
419,10/26/86,16,29,Australian Grand Prix
420,4/7/85,1,36,Brazilian Grand Prix
421,4/21/85,2,27,Portuguese Grand Prix
422,5/5/85,3,21,San Marino Grand Prix
423,5/19/85,4,6,Monaco Grand Prix
424,6/16/85,5,7,Canadian Grand Prix
425,6/23/85,6,37,Detroit Grand Prix
426,7/7/85,7,34,French Grand Prix
427,7/21/85,8,9,British Grand Prix
428,8/4/85,9,20,German Grand Prix
429,8/18/85,10,70,Austrian Grand Prix
430,8/25/85,11,39,Dutch Grand Prix
431,9/8/85,12,14,Italian Grand Prix
432,9/15/85,13,13,Belgian Grand Prix
433,10/6/85,14,38,European Grand Prix
434,10/19/85,15,30,South African Grand Prix
435,11/3/85,16,29,Australian Grand Prix
436,3/25/84,1,36,Brazilian Grand Prix
437,4/7/84,2,30,South African Grand Prix
438,4/29/84,3,40,Belgian Grand Prix
439,5/6/84,4,21,San Marino Grand Prix
440,5/20/84,5,41,French Grand Prix
441,6/3/84,6,6,Monaco Grand Prix
442,6/17/84,7,7,Canadian Grand Prix
443,6/24/84,8,37,Detroit Grand Prix
444,7/8/84,9,42,Dallas Grand Prix
445,7/22/84,10,38,British Grand Prix
446,8/5/84,11,10,German Grand Prix
447,8/19/84,12,70,Austrian Grand Prix
448,8/26/84,13,39,Dutch Grand Prix
449,9/9/84,14,14,Italian Grand Prix
450,10/7/84,15,20,European Grand Prix
451,10/21/84,16,27,Portuguese Grand Prix
452,3/13/83,1,36,Brazilian Grand Prix
453,3/27/83,2,43,United States Grand Prix West
454,4/17/83,3,34,French Grand Prix
455,5/1/83,4,21,San Marino Grand Prix
456,5/15/83,5,6,Monaco Grand Prix
457,5/22/83,6,13,Belgian Grand Prix
458,6/5/83,7,37,Detroit Grand Prix
459,6/12/83,8,7,Canadian Grand Prix
460,7/16/83,9,9,British Grand Prix
461,8/7/83,10,10,German Grand Prix
462,8/14/83,11,70,Austrian Grand Prix
463,8/28/83,12,39,Dutch Grand Prix
464,9/11/83,13,14,Italian Grand Prix
465,9/25/83,14,38,European Grand Prix
466,10/15/83,15,30,South African Grand Prix
467,1/23/82,1,30,South African Grand Prix
468,3/21/82,2,36,Brazilian Grand Prix
469,4/4/82,3,43,United States Grand Prix West
470,4/25/82,4,21,San Marino Grand Prix
471,5/9/82,5,40,Belgian Grand Prix
472,5/23/82,6,6,Monaco Grand Prix
473,6/6/82,7,37,Detroit Grand Prix
474,6/13/82,8,7,Canadian Grand Prix
475,7/3/82,9,39,Dutch Grand Prix
476,7/18/82,10,38,British Grand Prix
477,7/25/82,11,34,French Grand Prix
478,8/8/82,12,10,German Grand Prix
479,8/15/82,13,70,Austrian Grand Prix
480,8/29/82,14,41,Swiss Grand Prix
481,9/12/82,15,14,Italian Grand Prix
482,9/25/82,16,44,Caesars Palace Grand Prix
483,3/15/81,1,43,United States Grand Prix West
484,3/29/81,2,36,Brazilian Grand Prix
485,4/12/81,3,25,Argentine Grand Prix
486,5/3/81,4,21,San Marino Grand Prix
487,5/17/81,5,40,Belgian Grand Prix
488,5/31/81,6,6,Monaco Grand Prix
489,6/21/81,7,45,Spanish Grand Prix
490,7/5/81,8,41,French Grand Prix
491,7/18/81,9,9,British Grand Prix
492,8/2/81,10,10,German Grand Prix
493,8/16/81,11,70,Austrian Grand Prix
494,8/30/81,12,39,Dutch Grand Prix
495,9/13/81,13,14,Italian Grand Prix
496,9/27/81,14,7,Canadian Grand Prix
497,10/17/81,15,44,Caesars Palace Grand Prix
498,1/13/80,1,25,Argentine Grand Prix
499,1/27/80,2,18,Brazilian Grand Prix
500,3/1/80,3,30,South African Grand Prix
501,3/30/80,4,43,United States Grand Prix West
502,5/4/80,5,40,Belgian Grand Prix
503,5/18/80,6,6,Monaco Grand Prix
504,6/29/80,7,34,French Grand Prix
505,7/13/80,8,38,British Grand Prix
506,8/10/80,9,10,German Grand Prix
507,8/17/80,10,70,Austrian Grand Prix
508,8/31/80,11,39,Dutch Grand Prix
509,9/14/80,12,21,Italian Grand Prix
510,9/28/80,13,7,Canadian Grand Prix
511,10/5/80,14,46,United States Grand Prix
512,1/21/79,1,25,Argentine Grand Prix
513,2/4/79,2,18,Brazilian Grand Prix
514,3/3/79,3,30,South African Grand Prix
515,4/8/79,4,43,United States Grand Prix West
516,4/29/79,5,45,Spanish Grand Prix
517,5/13/79,6,40,Belgian Grand Prix
518,5/27/79,7,6,Monaco Grand Prix
519,7/1/79,8,41,French Grand Prix
520,7/14/79,9,9,British Grand Prix
521,7/29/79,10,10,German Grand Prix
522,8/12/79,11,70,Austrian Grand Prix
523,8/26/79,12,39,Dutch Grand Prix
524,9/9/79,13,14,Italian Grand Prix
525,9/30/79,14,7,Canadian Grand Prix
526,10/7/79,15,46,United States Grand Prix
527,1/15/78,1,25,Argentine Grand Prix
528,1/29/78,2,36,Brazilian Grand Prix
529,3/4/78,3,30,South African Grand Prix
530,4/2/78,4,43,United States Grand Prix West
531,5/7/78,5,6,Monaco Grand Prix
532,5/21/78,6,40,Belgian Grand Prix
533,6/4/78,7,45,Spanish Grand Prix
534,6/17/78,8,47,Swedish Grand Prix
535,7/2/78,9,34,French Grand Prix
536,7/16/78,10,38,British Grand Prix
537,7/30/78,11,10,German Grand Prix
538,8/13/78,12,70,Austrian Grand Prix
539,8/27/78,13,39,Dutch Grand Prix
540,9/10/78,14,14,Italian Grand Prix
541,10/1/78,15,46,United States Grand Prix
542,10/8/78,16,7,Canadian Grand Prix
543,1/9/77,1,25,Argentine Grand Prix
544,1/23/77,2,18,Brazilian Grand Prix
545,3/5/77,3,30,South African Grand Prix
546,4/3/77,4,43,United States Grand Prix West
547,5/8/77,5,45,Spanish Grand Prix
548,5/22/77,6,6,Monaco Grand Prix
549,6/5/77,7,40,Belgian Grand Prix
550,6/19/77,8,47,Swedish Grand Prix
551,7/3/77,9,41,French Grand Prix
552,7/16/77,10,9,British Grand Prix
553,7/31/77,11,10,German Grand Prix
554,8/14/77,12,70,Austrian Grand Prix
555,8/28/77,13,39,Dutch Grand Prix
556,9/11/77,14,14,Italian Grand Prix
557,10/2/77,15,46,United States Grand Prix
558,10/9/77,16,48,Canadian Grand Prix
559,10/23/77,17,16,Japanese Grand Prix
560,1/25/76,1,18,Brazilian Grand Prix
561,3/6/76,2,30,South African Grand Prix
562,3/28/76,3,43,United States Grand Prix West
563,5/2/76,4,45,Spanish Grand Prix
564,5/16/76,5,40,Belgian Grand Prix
565,5/30/76,6,6,Monaco Grand Prix
566,6/13/76,7,47,Swedish Grand Prix
567,7/4/76,8,34,French Grand Prix
568,7/18/76,9,38,British Grand Prix
569,8/1/76,10,20,German Grand Prix
570,8/15/76,11,70,Austrian Grand Prix
571,8/29/76,12,39,Dutch Grand Prix
572,9/12/76,13,14,Italian Grand Prix
573,10/3/76,14,48,Canadian Grand Prix
574,10/10/76,15,46,United States Grand Prix
575,10/24/76,16,16,Japanese Grand Prix
576,1/12/75,1,25,Argentine Grand Prix
577,1/26/75,2,18,Brazilian Grand Prix
578,3/1/75,3,30,South African Grand Prix
579,4/27/75,4,49,Spanish Grand Prix
580,5/11/75,5,6,Monaco Grand Prix
581,5/25/75,6,40,Belgian Grand Prix
582,6/8/75,7,47,Swedish Grand Prix
583,6/22/75,8,39,Dutch Grand Prix
584,7/6/75,9,34,French Grand Prix
585,7/19/75,10,9,British Grand Prix
586,8/3/75,11,20,German Grand Prix
587,8/17/75,12,70,Austrian Grand Prix
588,9/7/75,13,14,Italian Grand Prix
589,10/5/75,14,46,United States Grand Prix
590,1/13/74,1,25,Argentine Grand Prix
591,1/27/74,2,18,Brazilian Grand Prix
592,3/30/74,3,30,South African Grand Prix
593,4/28/74,4,45,Spanish Grand Prix
594,5/12/74,5,50,Belgian Grand Prix
595,5/26/74,6,6,Monaco Grand Prix
596,6/9/74,7,47,Swedish Grand Prix
597,6/23/74,8,39,Dutch Grand Prix
598,7/7/74,9,41,French Grand Prix
599,7/20/74,10,38,British Grand Prix
600,8/4/74,11,20,German Grand Prix
601,8/18/74,12,70,Austrian Grand Prix
602,9/8/74,13,14,Italian Grand Prix
603,9/22/74,14,48,Canadian Grand Prix
604,10/6/74,15,46,United States Grand Prix
605,1/28/73,1,25,Argentine Grand Prix
606,2/11/73,2,18,Brazilian Grand Prix
607,3/3/73,3,30,South African Grand Prix
608,4/29/73,4,49,Spanish Grand Prix
609,5/20/73,5,40,Belgian Grand Prix
610,6/3/73,6,6,Monaco Grand Prix
611,6/17/73,7,47,Swedish Grand Prix
612,7/1/73,8,34,French Grand Prix
613,7/14/73,9,9,British Grand Prix
614,7/29/73,10,39,Dutch Grand Prix
615,8/5/73,11,20,German Grand Prix
616,8/19/73,12,70,Austrian Grand Prix
617,9/9/73,13,14,Italian Grand Prix
618,9/23/73,14,48,Canadian Grand Prix
619,10/7/73,15,46,United States Grand Prix
620,1/23/72,1,25,Argentine Grand Prix
621,3/4/72,2,30,South African Grand Prix
622,5/1/72,3,45,Spanish Grand Prix
623,5/14/72,4,6,Monaco Grand Prix
624,6/4/72,5,50,Belgian Grand Prix
625,7/2/72,6,51,French Grand Prix
626,7/15/72,7,38,British Grand Prix
627,7/30/72,8,20,German Grand Prix
628,8/13/72,9,70,Austrian Grand Prix
629,9/10/72,10,14,Italian Grand Prix
630,9/24/72,11,48,Canadian Grand Prix
631,10/8/72,12,46,United States Grand Prix
632,3/6/71,1,30,South African Grand Prix
633,4/18/71,2,49,Spanish Grand Prix
634,5/23/71,3,6,Monaco Grand Prix
635,6/20/71,4,39,Dutch Grand Prix
636,7/4/71,5,34,French Grand Prix
637,7/17/71,6,9,British Grand Prix
638,8/1/71,7,20,German Grand Prix
639,8/15/71,8,70,Austrian Grand Prix
640,9/5/71,9,14,Italian Grand Prix
641,9/19/71,10,48,Canadian Grand Prix
642,10/3/71,11,46,United States Grand Prix
643,3/7/70,1,30,South African Grand Prix
644,4/19/70,2,45,Spanish Grand Prix
645,5/10/70,3,6,Monaco Grand Prix
646,6/7/70,4,13,Belgian Grand Prix
647,6/21/70,5,39,Dutch Grand Prix
648,7/5/70,6,51,French Grand Prix
649,7/18/70,7,38,British Grand Prix
650,8/2/70,8,10,German Grand Prix
651,8/16/70,9,70,Austrian Grand Prix
652,9/6/70,10,14,Italian Grand Prix
653,9/20/70,11,52,Canadian Grand Prix
654,10/4/70,12,46,United States Grand Prix
655,10/25/70,13,32,Mexican Grand Prix
656,3/1/69,1,30,South African Grand Prix
657,5/4/69,2,49,Spanish Grand Prix
658,5/18/69,3,6,Monaco Grand Prix
659,6/21/69,4,39,Dutch Grand Prix
660,7/6/69,5,51,French Grand Prix
661,7/19/69,6,9,British Grand Prix
662,8/3/69,7,20,German Grand Prix
663,9/7/69,8,14,Italian Grand Prix
664,9/20/69,9,48,Canadian Grand Prix
665,10/5/69,10,46,United States Grand Prix
666,10/19/69,11,32,Mexican Grand Prix
667,1/1/68,1,30,South African Grand Prix
668,5/12/68,2,45,Spanish Grand Prix
669,5/26/68,3,6,Monaco Grand Prix
670,6/9/68,4,13,Belgian Grand Prix
671,6/23/68,5,39,Dutch Grand Prix
672,7/7/68,6,53,French Grand Prix
673,7/20/68,7,38,British Grand Prix
674,8/4/68,8,20,German Grand Prix
675,9/8/68,9,14,Italian Grand Prix
676,9/22/68,10,52,Canadian Grand Prix
677,10/6/68,11,46,United States Grand Prix
678,11/3/68,12,32,Mexican Grand Prix
679,1/2/67,1,30,South African Grand Prix
680,5/7/67,2,6,Monaco Grand Prix
681,6/4/67,3,39,Dutch Grand Prix
682,6/18/67,4,13,Belgian Grand Prix
683,7/2/67,5,54,French Grand Prix
684,7/15/67,6,9,British Grand Prix
685,8/6/67,7,20,German Grand Prix
686,8/27/67,8,48,Canadian Grand Prix
687,9/10/67,9,14,Italian Grand Prix
688,10/1/67,10,46,United States Grand Prix
689,10/22/67,11,32,Mexican Grand Prix
690,5/22/66,1,6,Monaco Grand Prix
691,6/12/66,2,13,Belgian Grand Prix
692,7/3/66,3,55,French Grand Prix
693,7/16/66,4,38,British Grand Prix
694,7/24/66,5,39,Dutch Grand Prix
695,8/7/66,6,20,German Grand Prix
696,9/4/66,7,14,Italian Grand Prix
697,10/2/66,8,46,United States Grand Prix
698,10/23/66,9,32,Mexican Grand Prix
699,1/1/65,1,56,South African Grand Prix
700,5/30/65,2,6,Monaco Grand Prix
701,6/13/65,3,13,Belgian Grand Prix
702,6/27/65,4,51,French Grand Prix
703,7/10/65,5,9,British Grand Prix
704,7/18/65,6,39,Dutch Grand Prix
705,8/1/65,7,20,German Grand Prix
706,9/12/65,8,14,Italian Grand Prix
707,10/3/65,9,46,United States Grand Prix
708,10/24/65,10,32,Mexican Grand Prix
709,5/10/64,1,6,Monaco Grand Prix
710,5/24/64,2,39,Dutch Grand Prix
711,6/14/64,3,13,Belgian Grand Prix
712,6/28/64,4,53,French Grand Prix
713,7/11/64,5,38,British Grand Prix
714,8/2/64,6,20,German Grand Prix
715,8/23/64,7,57,Austrian Grand Prix
716,9/6/64,8,14,Italian Grand Prix
717,10/4/64,9,46,United States Grand Prix
718,10/25/64,10,32,Mexican Grand Prix
719,5/26/63,1,6,Monaco Grand Prix
720,6/9/63,2,13,Belgian Grand Prix
721,6/23/63,3,39,Dutch Grand Prix
722,6/30/63,4,55,French Grand Prix
723,7/20/63,5,9,British Grand Prix
724,8/4/63,6,20,German Grand Prix
725,9/8/63,7,14,Italian Grand Prix
726,10/6/63,8,46,United States Grand Prix
727,10/27/63,9,32,Mexican Grand Prix
728,12/28/63,10,56,South African Grand Prix
729,5/20/62,1,39,Dutch Grand Prix
730,6/3/62,2,6,Monaco Grand Prix
731,6/17/62,3,13,Belgian Grand Prix
732,7/8/62,4,53,French Grand Prix
733,7/21/62,5,58,British Grand Prix
734,8/5/62,6,20,German Grand Prix
735,9/16/62,7,14,Italian Grand Prix
736,10/7/62,8,46,United States Grand Prix
737,12/29/62,9,56,South African Grand Prix
738,5/14/61,1,6,Monaco Grand Prix
739,5/22/61,2,39,Dutch Grand Prix
740,6/18/61,3,13,Belgian Grand Prix
741,7/2/61,4,55,French Grand Prix
742,7/15/61,5,58,British Grand Prix
743,8/6/61,6,20,German Grand Prix
744,9/10/61,7,14,Italian Grand Prix
745,10/8/61,8,46,United States Grand Prix
746,2/7/60,1,25,Argentine Grand Prix
747,5/29/60,2,6,Monaco Grand Prix
748,5/30/60,3,19,Indianapolis 500
749,6/6/60,4,39,Dutch Grand Prix
750,6/19/60,5,13,Belgian Grand Prix
751,7/3/60,6,55,French Grand Prix
752,7/16/60,7,9,British Grand Prix
753,8/14/60,8,59,Portuguese Grand Prix
754,9/4/60,9,14,Italian Grand Prix
755,11/20/60,10,60,United States Grand Prix
756,5/10/59,1,6,Monaco Grand Prix
757,5/30/59,2,19,Indianapolis 500
758,5/31/59,3,39,Dutch Grand Prix
759,7/5/59,4,55,French Grand Prix
760,7/18/59,5,58,British Grand Prix
761,8/2/59,6,61,German Grand Prix
762,8/23/59,7,62,Portuguese Grand Prix
763,9/13/59,8,14,Italian Grand Prix
764,12/12/59,9,63,United States Grand Prix
765,1/19/58,1,25,Argentine Grand Prix
766,5/18/58,2,6,Monaco Grand Prix
767,5/26/58,3,39,Dutch Grand Prix
768,5/30/58,4,19,Indianapolis 500
769,6/15/58,5,13,Belgian Grand Prix
770,7/6/58,6,55,French Grand Prix
771,7/19/58,7,9,British Grand Prix
772,8/3/58,8,20,German Grand Prix
773,8/24/58,9,59,Portuguese Grand Prix
774,9/7/58,10,14,Italian Grand Prix
775,10/19/58,11,64,Moroccan Grand Prix
776,1/13/57,1,25,Argentine Grand Prix
777,5/19/57,2,6,Monaco Grand Prix
778,5/30/57,3,19,Indianapolis 500
779,7/7/57,4,53,French Grand Prix
780,7/20/57,5,58,British Grand Prix
781,8/4/57,6,20,German Grand Prix
782,8/18/57,7,65,Pescara Grand Prix
783,9/8/57,8,14,Italian Grand Prix
784,1/22/56,1,25,Argentine Grand Prix
785,5/13/56,2,6,Monaco Grand Prix
786,5/30/56,3,19,Indianapolis 500
787,6/3/56,4,13,Belgian Grand Prix
788,7/1/56,5,55,French Grand Prix
789,7/14/56,6,9,British Grand Prix
790,8/5/56,7,20,German Grand Prix
791,9/2/56,8,14,Italian Grand Prix
792,1/16/55,1,25,Argentine Grand Prix
793,5/22/55,2,6,Monaco Grand Prix
794,5/30/55,3,19,Indianapolis 500
795,6/5/55,4,13,Belgian Grand Prix
796,6/19/55,5,39,Dutch Grand Prix
797,7/16/55,6,58,British Grand Prix
798,9/11/55,7,14,Italian Grand Prix
799,1/17/54,1,25,Argentine Grand Prix
800,5/31/54,2,19,Indianapolis 500
801,6/20/54,3,13,Belgian Grand Prix
802,7/4/54,4,55,French Grand Prix
803,7/17/54,5,9,British Grand Prix
804,8/1/54,6,20,German Grand Prix
805,8/22/54,7,66,Swiss Grand Prix
806,9/5/54,8,14,Italian Grand Prix
807,10/24/54,9,67,Spanish Grand Prix
808,1/18/53,1,25,Argentine Grand Prix
809,5/30/53,2,19,Indianapolis 500
810,6/7/53,3,39,Dutch Grand Prix
811,6/21/53,4,13,Belgian Grand Prix
812,7/5/53,5,55,French Grand Prix
813,7/18/53,6,9,British Grand Prix
814,8/2/53,7,20,German Grand Prix
815,8/23/53,8,66,Swiss Grand Prix
816,9/13/53,9,14,Italian Grand Prix
817,5/18/52,1,66,Swiss Grand Prix
818,5/30/52,2,19,Indianapolis 500
819,6/22/52,3,13,Belgian Grand Prix
820,7/6/52,4,53,French Grand Prix
821,7/19/52,5,9,British Grand Prix
822,8/3/52,6,20,German Grand Prix
823,8/17/52,7,39,Dutch Grand Prix
824,9/7/52,8,14,Italian Grand Prix
825,5/27/51,1,66,Swiss Grand Prix
826,5/30/51,2,19,Indianapolis 500
827,6/17/51,3,13,Belgian Grand Prix
828,7/1/51,4,55,French Grand Prix
829,7/14/51,5,9,British Grand Prix
830,7/29/51,6,20,German Grand Prix
831,9/16/51,7,14,Italian Grand Prix
832,10/28/51,8,67,Spanish Grand Prix
833,5/13/50,1,9,British Grand Prix
834,5/21/50,2,6,Monaco Grand Prix
835,5/30/50,3,19,Indianapolis 500
836,6/4/50,4,66,Swiss Grand Prix
837,6/18/50,5,13,Belgian Grand Prix
838,7/2/50,6,55,French Grand Prix
839,9/3/50,7,14,Italian Grand Prix
841,3/27/11,1,1,Australian Grand Prix
842,4/10/11,2,2,Malaysian Grand Prix
843,4/17/11,3,17,Chinese Grand Prix
844,5/8/11,4,5,Turkish Grand Prix
845,5/22/11,5,4,Spanish Grand Prix
846,5/29/11,6,6,Monaco Grand Prix
847,6/12/11,7,7,Canadian Grand Prix
848,6/26/11,8,12,European Grand Prix
849,7/10/11,9,9,British Grand Prix
850,7/24/11,10,20,German Grand Prix
851,7/31/11,11,11,Hungarian Grand Prix
852,8/28/11,12,13,Belgian Grand Prix
853,9/11/11,13,14,Italian Grand Prix
854,9/25/11,14,15,Singapore Grand Prix
855,10/9/11,15,22,Japanese Grand Prix
856,10/16/11,16,35,Korean Grand Prix
857,10/30/11,17,68,Indian Grand Prix
858,11/13/11,18,24,Abu Dhabi Grand Prix
859,11/27/11,19,18,Brazilian Grand Prix
860,3/18/12,1,1,Australian Grand Prix
861,3/25/12,2,2,Malaysian Grand Prix
862,4/15/12,3,17,Chinese Grand Prix
863,4/22/12,4,3,Bahrain Grand Prix
864,5/13/12,5,4,Spanish Grand Prix
865,5/27/12,6,6,Monaco Grand Prix
866,6/10/12,7,7,Canadian Grand Prix
867,6/24/12,8,12,European Grand Prix
868,7/8/12,9,9,British Grand Prix
869,7/22/12,10,10,German Grand Prix
870,7/29/12,11,11,Hungarian Grand Prix
871,9/2/12,12,13,Belgian Grand Prix
872,9/9/12,13,14,Italian Grand Prix
873,9/23/12,14,15,Singapore Grand Prix
874,10/7/12,15,22,Japanese Grand Prix
875,10/14/12,16,35,Korean Grand Prix
876,10/28/12,17,68,Indian Grand Prix
877,11/4/12,18,24,Abu Dhabi Grand Prix
878,11/18/12,19,69,United States Grand Prix
879,11/25/12,20,18,Brazilian Grand Prix
880,3/17/13,1,1,Australian Grand Prix
881,3/24/13,2,2,Malaysian Grand Prix
882,4/14/13,3,17,Chinese Grand Prix
883,4/21/13,4,3,Bahrain Grand Prix
884,5/12/13,5,4,Spanish Grand Prix
885,5/26/13,6,6,Monaco Grand Prix
886,6/9/13,7,7,Canadian Grand Prix
887,6/30/13,8,9,British Grand Prix
888,7/7/13,9,20,German Grand Prix
890,7/28/13,10,11,Hungarian Grand Prix
891,8/25/13,11,13,Belgian Grand Prix
892,9/8/13,12,14,Italian Grand Prix
893,9/22/13,13,15,Singapore Grand Prix
894,10/6/13,14,35,Korean Grand Prix
895,10/13/13,15,22,Japanese Grand Prix
896,10/27/13,16,68,Indian Grand Prix
897,11/3/13,17,24,Abu Dhabi Grand Prix
898,11/17/13,18,69,United States Grand Prix
899,11/24/13,19,18,Brazilian Grand Prix
900,3/16/14,1,1,Australian Grand Prix
901,3/30/14,2,2,Malaysian Grand Prix
902,4/6/14,3,3,Bahrain Grand Prix
903,4/20/14,4,17,Chinese Grand Prix
904,5/11/14,5,4,Spanish Grand Prix
905,5/25/14,6,6,Monaco Grand Prix
906,6/8/14,7,7,Canadian Grand Prix
907,6/22/14,8,70,Austrian Grand Prix
908,7/6/14,9,9,British Grand Prix
909,7/20/14,10,10,German Grand Prix
910,7/27/14,11,11,Hungarian Grand Prix
911,8/24/14,12,13,Belgian Grand Prix
912,9/7/14,13,14,Italian Grand Prix
913,9/21/14,14,15,Singapore Grand Prix
914,10/5/14,15,22,Japanese Grand Prix
915,10/12/14,16,71,Russian Grand Prix
916,11/2/14,17,69,United States Grand Prix
917,11/9/14,18,18,Brazilian Grand Prix
918,11/23/14,19,24,Abu Dhabi Grand Prix
931,5/24/15,6,6,Monaco Grand Prix
932,6/7/15,7,7,Canadian Grand Prix
929,4/19/15,4,3,Bahrain Grand Prix
930,5/10/15,5,4,Spanish Grand Prix
928,4/12/15,3,17,Chinese Grand Prix
926,3/15/15,1,1,Australian Grand Prix
927,3/29/15,2,2,Malaysian Grand Prix
933,6/21/15,8,70,Austrian Grand Prix
934,7/5/15,9,9,British Grand Prix
936,7/26/15,10,11,Hungarian Grand Prix
937,8/23/15,11,13,Belgian Grand Prix
938,9/6/15,12,14,Italian Grand Prix
939,9/20/15,13,15,Singapore Grand Prix
940,9/27/15,14,22,Japanese Grand Prix
941,10/11/15,15,71,Russian Grand Prix
942,10/25/15,16,69,United States Grand Prix
943,11/1/15,17,32,Mexican Grand Prix
944,11/15/15,18,18,Brazilian Grand Prix
945,11/29/15,19,24,Abu Dhabi Grand Prix
948,3/20/16,1,1,Australian Grand Prix
949,4/3/16,2,3,Bahrain Grand Prix
950,4/17/16,3,17,Chinese Grand Prix
951,5/1/16,4,71,Russian Grand Prix
952,5/15/16,5,4,Spanish Grand Prix
953,5/29/16,6,6,Monaco Grand Prix
954,6/12/16,7,7,Canadian Grand Prix
955,6/19/16,8,73,European Grand Prix
956,7/3/16,9,70,Austrian Grand Prix
957,7/10/16,10,9,British Grand Prix
958,7/24/16,11,11,Hungarian Grand Prix
959,7/31/16,12,10,German Grand Prix
960,8/28/16,13,13,Belgian Grand Prix
961,9/4/16,14,14,Italian Grand Prix
962,9/18/16,15,15,Singapore Grand Prix
963,10/2/16,16,2,Malaysian Grand Prix
964,10/9/16,17,22,Japanese Grand Prix
965,10/23/16,18,69,United States Grand Prix
966,10/30/16,19,32,Mexican Grand Prix
967,11/13/16,20,18,Brazilian Grand Prix
968,11/27/16,21,24,Abu Dhabi Grand Prix
969,3/26/17,1,1,Australian Grand Prix
970,4/9/17,2,17,Chinese Grand Prix
971,4/16/17,3,3,Bahrain Grand Prix
972,4/30/17,4,71,Russian Grand Prix
973,5/14/17,5,4,Spanish Grand Prix
974,5/28/17,6,6,Monaco Grand Prix
975,6/11/17,7,7,Canadian Grand Prix
976,6/25/17,8,73,Azerbaijan Grand Prix
977,7/9/17,9,70,Austrian Grand Prix
978,7/16/17,10,9,British Grand Prix
979,7/30/17,11,11,Hungarian Grand Prix
980,8/27/17,12,13,Belgian Grand Prix
981,9/3/17,13,14,Italian Grand Prix
982,9/17/17,14,15,Singapore Grand Prix
983,10/1/17,15,2,Malaysian Grand Prix
984,10/8/17,16,22,Japanese Grand Prix
985,10/22/17,17,69,United States Grand Prix
986,10/29/17,18,32,Mexican Grand Prix
987,11/12/17,19,18,Brazilian Grand Prix
988,11/26/17,20,24,Abu Dhabi Grand Prix
989,3/25/18,1,1,Australian Grand Prix
990,4/8/18,2,3,Bahrain Grand Prix
991,4/15/18,3,17,Chinese Grand Prix
992,4/29/18,4,73,Azerbaijan Grand Prix
993,5/13/18,5,4,Spanish Grand Prix
994,5/27/18,6,6,Monaco Grand Prix
995,6/10/18,7,7,Canadian Grand Prix
996,6/24/18,8,34,French Grand Prix
997,7/1/18,9,70,Austrian Grand Prix
998,7/8/18,10,9,British Grand Prix
999,7/22/18,11,10,German Grand Prix
1000,7/29/18,12,11,Hungarian Grand Prix
1001,8/26/18,13,13,Belgian Grand Prix
1002,9/2/18,14,14,Italian Grand Prix
1003,9/16/18,15,15,Singapore Grand Prix
1004,9/30/18,16,71,Russian Grand Prix
1005,10/7/18,17,22,Japanese Grand Prix
1006,10/21/18,18,69,United States Grand Prix
1007,10/28/18,19,32,Mexican Grand Prix
1008,11/11/18,20,18,Brazilian Grand Prix
1009,11/25/18,21,24,Abu Dhabi Grand Prix
1010,3/17/19,1,1,Australian Grand Prix
1011,3/31/19,2,3,Bahrain Grand Prix
1012,4/14/19,3,17,Chinese Grand Prix
1013,4/28/19,4,73,Azerbaijan Grand Prix
1014,5/12/19,5,4,Spanish Grand Prix
1015,5/26/19,6,6,Monaco Grand Prix
1016,6/9/19,7,7,Canadian Grand Prix
1017,6/23/19,8,34,French Grand Prix
1018,6/30/19,9,70,Austrian Grand Prix
1019,7/14/19,10,9,British Grand Prix
1020,7/28/19,11,10,German Grand Prix
1021,8/4/19,12,11,Hungarian Grand Prix
1022,9/1/19,13,13,Belgian Grand Prix
1023,9/8/19,14,14,Italian Grand Prix
1024,9/22/19,15,15,Singapore Grand Prix
1025,9/29/19,16,71,Russian Grand Prix
1026,10/13/19,17,22,Japanese Grand Prix
1027,10/27/19,18,32,Mexican Grand Prix
1028,11/3/19,19,69,United States Grand Prix
1029,11/17/19,20,18,Brazilian Grand Prix
1030,12/1/19,21,24,Abu Dhabi Grand Prix
1031,7/5/20,1,70,Austrian Grand Prix
1032,7/12/20,2,70,Styrian Grand Prix
1033,7/19/20,3,11,Hungarian Grand Prix
1034,8/2/20,4,9,British Grand Prix
1035,8/9/20,5,9,70th Anniversary Grand Prix
1036,8/16/20,6,4,Spanish Grand Prix
1037,8/30/20,7,13,Belgian Grand Prix
1038,9/6/20,8,14,Italian Grand Prix
1039,9/13/20,9,76,Tuscan Grand Prix
1040,9/27/20,10,71,Russian Grand Prix
1041,10/11/20,11,20,Eifel Grand Prix
1042,10/25/20,12,75,Portuguese Grand Prix
1043,11/1/20,13,21,Emilia Romagna Grand Prix
1044,11/15/20,14,5,Turkish Grand Prix
1045,11/29/20,15,3,Bahrain Grand Prix
1046,12/6/20,16,3,Sakhir Grand Prix
1047,12/13/20,17,24,Abu Dhabi Grand Prix
1053,4/18/21,2,21,Emilia Romagna Grand Prix
1074,3/20/22,1,3,Bahrain Grand Prix
1052,3/28/21,1,3,Bahrain Grand Prix
1051,11/21/21,20,78,Qatar Grand Prix
1054,5/2/21,3,75,Portuguese Grand Prix
1055,5/9/21,4,4,Spanish Grand Prix
1056,5/23/21,5,6,Monaco Grand Prix
1057,6/6/21,6,73,Azerbaijan Grand Prix
1058,6/27/21,8,70,Styrian Grand Prix
1059,6/20/21,7,34,French Grand Prix
1060,7/4/21,9,70,Austrian Grand Prix
1061,7/18/21,10,9,British Grand Prix
1062,8/1/21,11,11,Hungarian Grand Prix
1063,8/29/21,12,13,Belgian Grand Prix
1064,9/5/21,13,39,Dutch Grand Prix
1065,9/12/21,14,14,Italian Grand Prix
1066,9/26/21,15,71,Russian Grand Prix
1067,10/10/21,16,5,Turkish Grand Prix
1069,10/24/21,17,69,United States Grand Prix
1070,11/7/21,18,32,Mexico City Grand Prix
1071,11/14/21,19,18,São Paulo Grand Prix
1072,12/5/21,21,77,Saudi Arabian Grand Prix
1073,12/12/21,22,24,Abu Dhabi Grand Prix
1075,3/27/22,2,77,Saudi Arabian Grand Prix
1076,4/10/22,3,1,Australian Grand Prix
1077,4/24/22,4,21,Emilia Romagna Grand Prix
1078,5/8/22,5,79,Miami Grand Prix
1079,5/22/22,6,4,Spanish Grand Prix
1080,5/29/22,7,6,Monaco Grand Prix
1081,6/12/22,8,73,Azerbaijan Grand Prix
1082,6/19/22,9,7,Canadian Grand Prix
1083,7/3/22,10,9,British Grand Prix
1084,7/10/22,11,70,Austrian Grand Prix
1085,7/24/22,12,34,French Grand Prix
1086,7/31/22,13,11,Hungarian Grand Prix
1087,8/28/22,14,13,Belgian Grand Prix
1088,9/4/22,15,39,Dutch Grand Prix
1089,9/11/22,16,14,Italian Grand Prix
1091,10/2/22,17,15,Singapore Grand Prix
1092,10/9/22,18,22,Japanese Grand Prix
1093,10/23/22,19,69,United States Grand Prix
1094,10/30/22,20,32,Mexico City Grand Prix
1095,11/13/22,21,18,Brazilian Grand Prix
1096,11/20/22,22,24,Abu Dhabi Grand Prix
1098,3/5/23,1,3,Bahrain Grand Prix
1099,3/19/23,2,77,Saudi Arabian Grand Prix
1100,4/2/23,3,1,Australian Grand Prix
1101,4/30/23,4,73,Azerbaijan Grand Prix
1102,5/7/23,5,79,Miami Grand Prix
1103,5/21/23,6,21,Emilia Romagna Grand Prix
1104,5/28/23,7,6,Monaco Grand Prix
1105,6/4/23,8,4,Spanish Grand Prix
1106,6/18/23,9,7,Canadian Grand Prix
1107,7/2/23,10,70,Austrian Grand Prix
1108,7/9/23,11,9,British Grand Prix
1109,7/23/23,12,11,Hungarian Grand Prix
1110,7/30/23,13,13,Belgian Grand Prix
1111,8/27/23,14,39,Dutch Grand Prix
1112,9/3/23,15,14,Italian Grand Prix
1113,9/17/23,16,15,Singapore Grand Prix
1114,9/24/23,17,22,Japanese Grand Prix
1115,10/8/23,18,78,Qatar Grand Prix
1116,10/22/23,19,69,United States Grand Prix
1117,10/29/23,20,32,Mexico City Grand Prix
1118,11/5/23,21,18,São Paulo Grand Prix
1119,11/19/23,22,80,Las Vegas Grand Prix
1120,11/26/23,23,24,Abu Dhabi Grand Prix